word	onset	duration
WHAT	1.4425	1.0000
WHAT	2.4425	0.5300
YEAH	2.9725	1.5900
COME	4.5625	0.3500
HERE	4.9125	0.0900
WHAT	5.0025	0.5000
ARE	5.5025	0.2500
YOU	5.7525	0.0600
TALKING	5.8125	0.4100
ABOUT	6.2225	0.5500
PHOEBE	7.8025	0.8200
BUFFAY	8.6225	0.5700
IN	9.1925	0.6400
BUFFAY	10.0325	0.7800
THE	10.8125	0.1100
VAMPIRE	10.9225	0.8400
LAYER	11.7625	0.6100
MY	12.3725	1.6800
GOD	14.0525	0.3300
THAT'S	14.3825	1.8500
PHOEBE	16.2325	0.2800
WHERE	16.5125	0.1800
DID	16.6925	0.1400
YOU	16.8325	0.0900
GET	16.9225	0.3100
THAT	17.2325	0.2600
WELL	17.4925	0.1800
DOWN	17.6725	0.2300
AT	17.9025	0.0700
THE	17.9725	0.1200
ADULT	18.0925	0.4800
VIDEO	18.5725	0.3700
PLACE	18.9425	0.3100
ON	19.2525	0.1100
BLEEKER	19.3625	0.9800
AND	20.3425	0.3200
I	20.6625	0.4100
SAW	21.0725	0.4400
JOEY	21.5125	0.4600
WAS	21.9725	0.2500
ABOUT	22.2225	0.3600
TO	22.5825	0.1000
GO	22.6825	0.2500
IN	22.9325	0.3400
SO	23.2725	0.2800
I	23.5525	0.0900
RAN	23.6425	0.4200
IN	24.0625	0.2100
AHEAD	24.2725	0.4400
OF	24.7125	0.2000
HIM	24.9125	0.2600
TO	25.1725	0.3500
TO	25.7025	0.3000
SURPRISE	26.0025	0.5700
HIM	26.5725	0.2700
AND	26.8425	0.2800
AND	27.1225	0.2600
THEN	27.3825	0.2500
THEN	27.6325	0.3400
I	27.9925	0.3200
PRETENDED	28.3625	1.0400
THAT	29.4025	0.2700
I	29.6725	0.4500
DIDN'T	30.1225	0.5700
KNOW	30.6925	0.3400
HE	31.0325	0.1500
WAS	31.1825	0.2700
IN	31.4525	0.1800
THERE	31.6325	0.2900
WOW	32.3325	4.2000
I	36.9025	0.1700
MEAN	37.0725	0.1500
I	37.2225	0.1500
JUST	37.3725	0.4400
I	37.8125	0.1000
CAN'T	37.9125	0.2800
BELIEVE	38.1925	0.3700
THIS	38.5625	0.4300
YOU	39.4525	0.1400
KNOW	39.5925	0.0900
I	39.6825	0.2200
MEAN	39.9025	0.1800
YOU	40.0825	0.1000
THINK	40.3025	0.3100
YOU	40.6125	0.1100
KNOW	40.7225	0.3000
SOMEONE	41.0225	0.5800
EVEN	41.8325	0.6400
PHOEBE	42.4725	0.4400
WHO'S	42.9125	0.2000
ALWAYS	43.1125	0.2400
BEEN	43.3525	0.1500
SOMEWHAT	43.5025	0.3600
OF	43.8625	0.0900
A	43.9525	0.0500
QUESTION	44.0025	0.5400
MARK	44.5425	0.6800
MMM	45.2225	1.3300
THIS	46.5525	0.1600
IS	46.7125	0.0800
SO	46.7925	0.4400
BIZARRE	47.2325	0.8800
I	48.9725	0.0400
GUESS	49.0125	0.2200
IT	49.2325	0.0800
KIND	49.3125	0.2800
OF	49.5925	0.0600
MAKES	49.6525	0.3000
SENSE	49.9925	0.3500
THOUGH	50.3425	0.0600
YOU	50.4025	0.1800
KNOW	50.5825	0.0600
SHE	50.6425	0.1500
HAD	50.7925	0.1000
SUCH	50.8925	0.2200
A	51.1125	0.0300
TERRIBLE	51.1425	0.5100
CHILDHOOD	51.6525	0.7200
I	52.4225	0.1700
HAD	52.5925	0.1400
A	52.7325	0.0300
TERRIBLE	52.7625	0.3200
CHILDHOOD	53.0825	0.4800
AND	53.5625	0.0900
I	53.6525	0.1000
DON'T	53.7525	0.1300
DO	53.8825	0.1900
PORN	54.0725	0.4800
YES	54.6125	0.1600
BUT	54.7925	2.0000
YOU'RE	56.7925	0.2600
DEAD	57.0525	0.2500
INSIDE	57.3025	0.7600
OH	58.0625	0.0300
YEAH	58.0925	0.7400
ALL	58.8325	0.0600
RIGHT	58.8925	0.3600
WELL	59.2525	0.0900
I	59.3425	0.2400
BETTER	59.9725	0.1300
TAKE	60.1025	0.1900
THAT	60.2925	0.1500
BACK	60.4425	0.2600
WH	60.7025	0.5000
WHY	61.2025	0.2000
WE	61.4325	0.0700
CAN'T	61.9525	0.9200
WATCH	62.8725	0.3900
THAT	63.2625	0.2200
I	63.4825	0.0300
MEAN	63.5125	0.1500
THAT'S	63.6625	0.1700
PHOEBE	63.8325	0.5500
YEAH	65.0625	0.5900
YOU'RE	65.6525	0.3200
RIGHT	65.9725	0.1500
WE	66.1225	0.1500
CAN'T	66.2725	0.1900
WE	66.4625	0.1100
SHOULDN'T	66.5725	0.2200
WATCH	66.7925	0.1500
THIS	66.9625	0.1300
ABSOLUTELY	67.0925	0.6800
NOT	67.7725	0.3600
THAT	68.1325	0.1900
GOES	68.3225	0.1400
BACK	68.4625	0.4100
YOU	68.8725	0.2100
KNOW	69.0825	0.0900
MAYBE	70.3725	0.4000
A	70.7725	0.0800
LITTLE	70.8525	0.3500
BIT	71.2025	0.2300
JUST	71.4725	0.2100
THE	71.6825	0.0800
FIRST	71.7625	0.2600
HALF	72.0225	1.9600
NO	74.0525	0.1100
HEY	74.1625	0.0800
NO	74.2425	0.0600
THIS	74.3025	0.1100
IS	74.4125	0.2700
WRONG	74.6825	0.4800
YOU	75.1625	0.1000
GUYS	75.2625	0.3800
PHOEBE'S	75.6425	0.3400
OUR	75.9825	0.1300
FRIEND	76.1125	0.5000
I'M	76.9225	0.4500
NOT	77.4225	0.5900
GOING	78.5825	0.6500
TO	79.8525	0.3900
WATCH	80.2425	0.1600
IT	80.4025	0.2600
YEAH	80.6625	6.8000
GOOD	88.7125	0.3500
FOR	90.1225	0.1900
YOU	90.4825	0.0800
JOE	90.5625	0.1900
Ah	90.7525	0.0500
I	90.8025	1.3400
thought	94.4525	0.5400
I'd	95.5725	0.3800
find	96.0425	0.2500
you	96.2925	0.0900
here	96.3825	0.3900
Nosferatool	97.1525	1.3300
Buffay	98.6525	0.1700
are	98.8825	1.0400
you	100.1825	0.1700
going	100.9025	0.3200
to	101.2225	0.1100
plunge	101.3725	0.3700
your	101.7425	0.1100
stake	101.8525	0.5500
into	102.4025	0.2000
my	102.6025	0.1700
dark	102.8525	0.2300
places	103.2125	0.4200
Actually	104.0825	0.7700
I	105.0825	0.1900
was	105.2725	0.1600
kind	105.4325	0.2700
of	105.7025	0.0900
hoping	105.7925	0.4700
it	106.2625	0.0700
would	106.3325	0.1600
be	106.4925	0.1400
the	106.6325	0.1800
other	106.8125	0.2900
way	107.1025	0.2700
around	107.3725	0.5000
HOLD	107.8725	3.8200
ON	111.6925	0.1100
A	111.8025	0.0400
SECOND	111.8425	0.3200
WHAT	112.1925	0.1300
IS	112.3225	0.1400
THAT	112.4625	0.1000
ON	112.5625	0.1200
HER	112.6825	0.1200
ANKLE	112.8025	0.4400
HER	113.2425	0.1500
ANKLE	113.3925	0.3000
IS	113.6925	0.1200
WHAT	113.8125	0.1300
YOU'RE	113.9425	0.1200
WATCHING	114.0625	0.4300
WELL	114.6425	1.5500
IT'S	117.1625	0.5700
HARD	117.7325	0.5500
TO	118.2825	0.2600
TELL	118.7625	1.0400
OH	120.0225	0.1400
GOD	120.1625	0.2100
IF	120.3725	0.1000
SHE	120.4725	0.0900
WOULD	120.5625	0.0900
JUST	120.6525	0.2800
STOP	120.9325	0.1200
MOVING	121.0525	0.5400
SHE'S	121.5925	0.1100
JUST	121.7425	1.3900
DOING	123.1325	0.2900
HER	123.4225	0.1400
JOB	123.5625	0.5000
YOU	124.0625	0.1700
SICK	124.2325	0.2100
BASTARDS	124.4425	1.0600
OH	125.5025	0.0300
IT'S	125.5325	0.2900
A	125.8225	0.0500
TATTOO	125.8725	0.6700
THAT'S	126.7025	2.3900
WEIRD	129.0925	0.9800
PHOEBE	130.8525	1.0600
DOESN'T	132.0425	1.0700
WAIT	133.5425	0.1600
THAT'S	133.7025	0.2100
URSULA	134.0025	0.5200
THAT'S	134.9425	0.1600
NOT	135.1025	0.1200
PHOEBE	135.2225	0.5500
THAT	135.7725	0.3300
IS	136.1025	0.1800
URSULA	136.2825	1.2800
WAIT	137.5925	0.3900
WAIT	137.9825	0.1600
THEN	138.1425	0.1100
I	138.2525	0.3600
CAN	138.6125	0.2200
WATCH	138.8325	0.2800
THAT	139.1125	0.1900
REWIND	139.3025	0.3500
IT	139.6525	0.0700
REWIND	139.7225	0.3500
IT	140.0725	0.1500
HEY	140.2225	2.9200
WHAT'S	143.2625	1.1100
UP	144.3725	0.1700
OH	144.9225	0.1200
MY	145.0425	0.2300
GOD	145.2725	0.4000
WHAT	145.6725	0.9100
AM	146.5825	4.1900
I	150.7725	0.2000
DOING	150.9725	2.0200
HEY	153.2125	0.1300
SWEETIE	153.3425	7.3300
HEY	161.6025	3.3700
CHICKEN	165.9925	0.3800
SOUP	166.3725	0.3800
FOR	166.7525	0.1300
THE	166.8825	0.0700
SOUL	166.9525	0.5600
THERE'S	167.8925	0.9500
NO	169.3625	0.3100
BACK	169.6725	0.4100
TO	170.0825	0.1300
THIS	170.2125	0.2000
COUCH	170.4125	0.5500
WHY	170.9625	2.8400
ARE	173.8025	0.0800
YOU	173.8825	0.1700
READING	174.0525	0.3100
THIS	174.3625	0.1800
YOU	174.5425	0.0800
HATE	174.6225	0.1800
THIS	174.8025	0.1600
KIND	174.9625	0.1800
OF	175.1425	0.0600
STUFF	175.2025	0.3800
YEAH	175.6525	0.2400
I	175.8925	0.0600
KNOW	175.9525	0.2200
BUT	176.1725	0.1200
I	176.2925	0.0300
FIGURED	176.3225	0.2300
I'D	176.5525	0.0600
GIVE	176.6125	0.1200
IT	176.7325	0.0600
A	176.7925	0.0300
SHOT	176.8225	0.6400
MAYBE	177.4625	0.6100
ONE	178.0725	0.1300
OF	178.2025	0.0600
THOSE	178.2625	0.1400
STORIES	178.4025	0.3300
WOULD	178.7325	0.0900
MAKE	178.8225	0.1400
ME	178.9625	0.1200
CRY	179.0825	0.5900
AND	179.6725	0.0900
THEN	179.7625	0.1100
YOU	179.8725	0.1600
WOULDN'T	180.0325	0.2400
THINK	180.2725	0.2400
I	180.5125	0.0800
WAS	180.5925	0.2700
YOU	180.8625	0.1100
KNOW	180.9725	0.1300
ALL	181.1025	0.2800
DEAD	181.4325	0.2000
INSIDE	181.6325	0.5500
AW	183.0625	0.3100
THAT'S	183.3725	0.3300
SO	183.7025	0.1600
SWEET	183.8625	0.9200
BUT	185.3725	0.1500
CHANDLER	185.5225	0.2900
I	185.8125	0.0900
DON'T	185.9025	0.1700
CARE	186.0725	0.2100
IF	186.2825	0.0600
YOU	186.3425	0.0600
CAN'T	186.4025	0.2200
CRY	186.7225	0.2700
I	186.9925	0.0700
LOVE	187.0625	0.2600
YOU	187.3225	0.3300
AW	188.0025	0.2800
THAT	188.2825	0.1400
MAKES	188.4225	0.2100
ME	188.6325	0.1300
FEEL	188.7625	0.1700
SO	188.9325	0.2900
WARM	189.2225	0.4200
IN	189.6425	0.0800
MY	189.7225	0.1900
HOLLOW	189.9125	0.4300
TIN	190.3425	0.3100
CHEST	190.6525	0.4500
STOP	191.1025	2.2700
IT	193.3725	1.0100
NO	194.3825	0.2100
I	194.5925	0.0300
MEAN	194.6225	0.1400
COME	194.7625	0.1400
ON	194.9025	0.1500
SERIOUSLY	195.0525	0.4500
THINK	195.5025	0.2100
ABOUT	195.7125	0.1700
IT	195.8825	0.0600
WE	195.9425	0.0800
GET	196.0225	0.1400
MARRIED	196.1625	0.3700
I'M	196.5325	0.1100
UP	196.6425	0.1200
AT	196.7625	0.0600
THE	196.8225	0.1400
ALTAR	196.9625	0.5100
AND	197.4725	0.0900
I'M	197.5625	0.1200
LIKE	197.6825	0.1500
THIS	197.8325	0.3800
I	199.1925	1.8900
WON'T	201.3125	0.2600
CARE	201.5725	0.4500
BECAUSE	202.6225	0.2000
I	202.8225	0.0700
KNOW	202.8925	0.2100
THAT	203.1025	0.1300
YOU'LL	203.2325	0.1200
BE	203.3525	0.1600
FEELING	203.5125	0.2900
IT	203.8025	0.0700
ALL	203.8725	0.4500
IN	204.7825	0.1800
HERE	204.9625	0.2900
YEAH	206.5625	0.3300
YEAH	207.1525	0.2700
AND	208.0525	0.1700
IF	208.2225	0.2000
WE	208.4225	0.0900
HAVE	208.5125	0.0900
A	208.6025	0.0500
BABY	208.6525	0.3200
ONE	208.9725	0.2100
DAY	209.1825	0.2000
AND	209.3825	0.1400
THE	210.4825	0.0800
DOCTOR	210.5625	0.4500
HANDS	211.0125	0.2700
IT	211.2825	0.1900
TO	211.4725	0.0800
YOU	211.5525	0.1500
IN	211.7025	0.0600
THE	211.7625	0.0700
DELIVERY	211.8325	0.4800
ROOM	212.3125	0.4900
AND	213.6325	0.1100
YOU	213.7425	0.1300
DON'T	213.8725	0.2000
CRY	214.0725	0.5000
SO	215.4225	0.2600
WHAT	215.6825	0.3400
AND	217.2525	0.2800
IF	217.5325	0.1500
WE	217.8125	0.1700
TAKE	218.0825	0.2900
HIM	218.3725	0.0700
TO	218.4425	0.0800
COLLEGE	218.5225	0.4900
AND	219.0125	0.1300
WE	219.1425	0.0600
COME	219.2025	0.1500
HOME	219.3525	0.3500
AND	219.7025	0.1400
WE	220.2625	0.1600
SEE	220.4225	0.1500
HIS	220.5725	0.2100
EMPTY	220.7825	0.3500
ROOM	221.1325	0.2800
FOR	221.4125	0.1100
THE	221.5225	0.0800
FIRST	221.6025	0.5500
TIME	222.1525	0.3100
AND	222.4625	0.1300
YOU	223.8225	0.2300
GOT	224.0525	0.2700
NOTHING	224.3725	0.5100
WON'T	227.0825	0.8700
MATTER	228.4825	1.3900
TO	230.7925	0.1300
ME	230.9225	0.0600
OKAY	231.0025	0.4300
WELL	232.2025	0.1500
I	232.4425	0.5900
WON'T	233.0325	0.7700
WORRY	233.8025	0.2400
ABOUT	234.0425	0.2400
THIS	234.2825	0.1800
ANYMORE	234.4625	0.2800
THEN	234.7425	0.5700
YEAH	235.4425	0.2100
AND	235.7825	0.3500
IF	236.1325	0.2900
I	236.4225	0.2000
DIE	236.6225	0.5100
FROM	237.8625	1.8800
A	239.9825	0.0600
LONG	240.0425	0.9300
ILLNESS	240.9725	0.6400
AND	242.3625	0.2700
YOU'RE	242.6325	0.1200
WRITING	242.7525	0.4100
OUT	243.1625	0.0900
MY	243.2525	0.1500
EULOGY	243.4025	0.5700
AND	244.2725	0.2300
YOU	244.7425	0.1800
OPEN	244.9225	0.2500
THE	245.1725	0.0600
DESK	245.2325	0.3000
DRAWER	245.5325	0.3800
AND	245.9125	0.3400
YOU	246.2525	0.1700
FIND	246.4225	0.2200
A	246.6425	0.0300
NOTE	246.6725	0.2600
FROM	246.9325	0.2200
ME	247.1525	0.2000
THAT	247.3525	0.1100
SAYS	247.4625	0.4500
I	248.5025	0.1700
WILL	248.6725	0.2200
ALWAYS	248.9525	0.7100
BE	249.7525	0.2600
WITH	250.0125	0.2000
YOU	250.3125	0.2600
AND	251.9025	0.1800
YOU	252.0825	0.1500
STILL	252.2325	0.6500
CAN'T	252.9025	0.3600
SHED	253.2625	0.4800
ONE	253.7425	0.5900
TINY	254.4625	0.5100
TEAR	255.0125	0.3800
I	257.3125	0.1100
KNOW	257.4225	0.1800
YOU'LL	257.6025	0.1700
BE	257.7725	0.0900
CRYING	257.8625	0.4000
A	258.2625	0.1000
RIVER	258.3625	0.4800
INSIDE	258.8425	0.5800
OH	261.1825	0.1200
I	261.3025	0.1200
LOVE	261.4225	0.3100
YOU	261.7325	0.1600
SO	261.8925	0.2000
WHAT	262.0925	0.2200
IS	262.3625	0.0800
WRONG	262.4425	0.2500
WITH	262.6925	0.1000
YOU	262.8025	0.0600
WHAT	262.8625	0.3800
YOU	263.2425	0.0600
CAN'T	263.3025	3.1300
SHED	266.4325	0.2200
A	266.6825	0.0400
TEAR	266.7225	0.9600
FOR	267.6825	0.1000
YOUR	267.7825	0.1900
DEAD	267.9725	0.2100
WIFE	268.1825	0.5400
I	269.0525	0.3500
LEFT	269.4025	0.7000
YOU	270.1025	0.1400
A	270.2425	0.0700
NOTE	270.3125	0.2600
FROM	270.5725	0.3100
THE	270.8825	0.2100
BEYOND	271.0925	0.3700
SO	272.0025	0.1100
YOU	272.1125	0.1400
DIDN'T	272.2525	1.0100
MEAN	273.3125	0.1600
ANY	273.6225	0.3000
OF	273.9225	0.3700
THAT	274.9625	2.6400
NO	278.2225	0.7400
YOU	278.9625	0.0600
ROBOT	279.0225	1.6400
YOU	280.6625	0.2400
DAMN	280.9525	0.3700
KIDS	281.3225	0.5000
YOU	281.8225	0.2000
RING	282.0225	0.1700
MY	282.1925	0.2400
BELL	282.4325	0.2800
ONE	282.7125	0.2300
MORE	282.9425	0.1900
TIME	283.1325	0.5900
I	283.8125	0.2100
SWEAR	284.1125	0.5900
TO	285.8125	0.4100
OH	286.2425	0.0300
JILL	286.2725	0.3500
UM	286.8225	0.4100
THAT'S	287.2325	0.8000
JUST	288.0325	0.2700
A	288.3025	0.0300
LITTLE	288.7125	0.5900
GAME	289.3025	0.3300
I	289.6325	0.3200
PLAY	289.9525	0.2200
WITH	290.1725	0.1300
THE	290.3025	0.0800
KIDS	290.3825	0.3500
DOWN	290.7325	0.1900
THE	290.9225	0.0700
HALL	290.9925	0.4400
UM	291.9025	0.5400
THEY'VE	292.7125	0.2900
REALLY	293.0025	0.1900
TAKEN	293.1925	0.2800
A	293.4725	0.0500
LIKING	293.5225	0.4200
TO	293.9425	0.1000
ME	294.0425	0.1800
UH	294.2225	0.0400
WHAT	294.2625	3.3000
WHAT	297.5625	0.1900
WHAT'S	297.7525	0.3700
THE	298.1325	0.2300
MATTER	298.3625	0.3000
RACHEL	299.3225	0.2800
AND	299.6025	0.0900
I	299.6925	0.0600
HAD	299.7525	0.1600
A	299.9125	0.0300
REALLY	299.9425	0.3200
BIG	300.2625	0.1400
FIGHT	300.4025	0.3700
CAN	301.5425	0.1300
I	301.6725	0.0800
COME	301.7525	0.2000
IN	302.0325	0.1600
I	302.4625	0.2300
KNOW	302.6925	0.1100
WE'RE	302.8025	0.1100
NOT	302.9125	0.1300
SUPPOSED	303.0425	0.2900
TO	303.3325	0.0700
SEE	303.4025	0.2800
EACH	303.6825	0.1500
OTHER	303.8325	0.1800
ANYMORE	304.0125	0.4200
AND	304.4325	0.1100
I'M	304.5425	0.1400
OKAY	304.6825	0.3100
WITH	304.9925	0.1600
THAT	305.1525	0.1900
IT'S	305.3425	0.0900
JUST	305.5725	0.6200
THAT	306.1925	0.1200
I	306.3125	0.0300
DON'T	306.3425	0.0900
KNOW	306.4325	0.1400
ANYBODY	306.5725	0.3300
IN	306.9025	0.0700
THE	306.9725	0.0700
CITY	307.0425	0.3200
AND	307.3625	0.1100
I	307.4725	0.1000
REALLY	307.5725	0.3100
NEED	307.8825	0.1700
SOMEBODY	308.0525	0.3200
TO	308.3725	0.0700
TALK	308.4425	0.3200
TO	308.7625	0.1700
ABOUT	308.9325	0.2800
IT	309.2125	0.0800
OF	309.3425	0.3700
COURSE	309.8025	0.4700
WHAT	310.2725	0.3000
HAPPENED	310.5725	0.2900
I	310.8625	0.0300
DON'T	310.8925	0.2500
WANT	311.4025	0.4900
TO	311.8925	0.1000
TALK	311.9925	0.3600
ABOUT	312.5325	1.8000
IT	314.9925	0.3200
OKAY	316.4125	0.5400
UM	317.2525	0.3800
BUT	319.7825	0.1700
YOU	319.9525	0.0600
KNOW	320.0125	0.1300
WHAT	320.1425	0.1500
MIGHT	320.2925	0.3000
REALLY	320.5925	0.2600
CHEER	320.8525	0.2400
ME	321.0925	0.1600
UP	321.3225	0.1600
WHAT	321.7925	0.2600
SEEING	322.5425	0.2500
SOME	322.7925	0.1700
MORE	322.9625	0.1500
OF	323.1125	0.0600
YOUR	323.1725	0.1100
SUPER	323.2825	0.4200
COOL	323.7025	0.2300
SLIDES	323.9325	0.6500
WOW	324.7625	1.4100
REALLY	326.7525	0.7300
TOTALLY	327.7025	0.5900
I	328.2925	0.1300
LOVED	328.4625	0.3300
THEM	328.7925	0.1700
AND	328.9625	0.1900
MAYBE	329.5225	0.2000
YOU	329.7225	0.1400
COULD	329.8625	0.2100
FINISH	330.0725	0.3400
TELLING	330.4125	0.2700
ME	330.6825	0.1100
ABOUT	330.7925	0.2100
ALL	331.0025	0.1300
THE	331.1325	0.0800
DIFFERENT	331.2125	0.6400
KINDS	331.8525	0.7600
OF	332.8625	0.4300
SAND	333.2925	1.6300
WELL	334.9225	0.3700
I'D	335.6125	0.2400
LOVE	335.8525	0.3600
TO	336.2125	0.6800
YOU	336.8925	0.4000
WAIT	337.2925	0.2000
RIGHT	337.4925	0.2200
HERE	337.7125	0.2500
I'LL	337.9625	0.1700
GO	338.1325	0.1000
GET	338.2325	0.1600
THE	338.3925	0.1300
PROJECTOR	338.5225	0.4800
AND	339.0025	0.1000
MY	339.1025	0.1200
NOTES	339.2225	0.6900
OH	339.9125	0.0300
GREAT	339.9825	0.2700
THANKS	340.3625	0.6100
ROSS	340.9725	0.3300
YOU'RE	341.3025	0.1100
SUCH	341.4125	0.2100
A	341.6225	0.0700
GOOD	341.6925	0.1400
FRIEND	341.8325	0.2700
OH	342.5925	0.4400
HEY	343.0325	2.3700
HAVE	346.5625	2.3200
YOU	348.8825	0.0600
GUYS	348.9425	0.1800
SEEN	349.6225	0.4800
JILL	350.1025	0.3000
I	350.4025	0.1400
CAN'T	350.5425	0.2300
FIND	350.8125	0.2200
HER	351.0325	0.1300
ANYWHERE	351.2125	0.4500
NO	351.6625	0.4000
I	352.0625	0.0300
HAVEN'T	352.0925	0.2500
WELL	352.5125	0.1600
IS	352.6725	0.1300
ROSS	352.8025	0.2900
HOME	353.0925	0.2100
MAYBE	353.5225	0.1800
I'LL	353.7025	0.1000
CALL	354.0225	0.4600
HIM	354.9125	0.1700
AND	355.1325	0.2100
SEE	355.6325	0.5300
IF	357.2525	0.1200
HE'S	357.3725	4.7500
SEEN	362.1225	2.2300
WHO	364.7225	0.8400
IS	365.5625	0.1800
IT	365.7425	0.2300
IT'S	366.7625	0.2300
PHOEBE	367.1825	0.5900
PHOEBE	368.7925	0.6300
HEY	369.6725	2.8400
OH	372.5125	0.0400
GOD	372.5625	0.6300
SO	376.6725	0.2200
SO	376.9725	0.2600
YOU'RE	377.2325	0.2200
MAKING	377.4525	0.3300
PORN	377.7825	0.2800
MOVIES	378.0625	0.4500
NO	378.8125	0.2000
I'M	379.0125	0.1600
NOT	379.1725	0.3300
WE'RE	379.6825	0.7200
STILL	380.5725	0.4200
ROLLING	380.9925	0.7100
YOU'RE	381.8425	0.1000
MAKING	381.9825	0.2100
ONE	382.1925	2.4000
RIGHT	384.5925	0.2800
NOW	385.0225	0.4200
LET'S	385.4625	0.1900
GO	385.6525	0.2700
PHOEBE	385.9225	0.4200
AND	386.4325	0.6700
YOU'RE	387.3725	0.1600
USING	387.5325	0.3800
MY	387.9125	0.2000
NAME	388.1125	0.4000
YEAH	389.0325	0.3700
CAN	389.4025	0.1900
I	389.5925	0.0900
HELP	389.6825	0.2400
YOU	389.9225	0.1100
WITH	390.0325	0.1500
SOMETHING	390.1825	0.4200
PHOEBE	390.6025	0.2300
COME	390.8325	1.7100
ON	392.6325	0.4900
LOOK	393.4125	0.1800
I'M	393.5925	0.1700
TALKING	393.8625	0.5700
RIGHT	394.4325	0.1900
NOW	394.6225	0.3400
YOU	395.2525	0.2300
MEAN	395.7125	0.5000
HER	396.6925	1.1600
YOU	397.8525	0.0600
KNOW	397.9125	0.2300
TWIN	398.1425	0.8500
STUFF	398.9925	0.4600
IS	399.4525	0.1200
ALWAYS	399.5725	0.2600
A	399.8325	0.0800
REAL	399.9125	0.2700
BIG	400.1825	0.1900
SELLER	400.3725	0.4700
WHAT	401.2525	0.2500
YEAH	401.9125	1.6100
I	403.5225	0.0500
COULD	403.6325	0.1600
TALK	403.7925	0.2400
THEM	404.0325	0.2100
INTO	404.2425	0.2800
GIVING	404.5225	0.3300
YOU	404.8525	0.2500
LIKE	405.1025	0.1900
30	406.2625	0.7100
DOLLARS	407.2225	1.8600
NO	409.7225	0.5800
NO	410.5725	0.2600
WAY	410.8325	0.5200
NO	411.3525	0.5000
AND	412.0625	0.1500
STOP	412.2125	0.4300
USING	412.6625	0.3000
MY	412.9625	0.1900
NAME	413.1525	0.3700
AND	413.6525	0.3300
SHAME	414.0725	0.4300
ON	414.5025	0.1700
YOU	414.6725	0.2900
AND	415.1925	0.2400
SHAME	415.4325	0.2400
ON	415.6925	0.4100
ALL	416.1525	0.1600
OF	416.3125	0.1900
YOU	416.5025	0.1400
YOU'RE	416.6425	0.2400
DISGUSTING	416.8825	1.0900
ESPECIALLY	418.3125	0.7800
YOU	419.0925	0.1700
WITHTHAT	419.2625	0.8800
SLIDES	420.3625	3.4300
ARE	423.7925	0.2900
ALMOST	424.1525	0.8700
READY	425.0225	0.3900
YEAH	425.6025	1.9400
OOH	428.2925	0.0300
I	428.3225	0.0300
KNOW	428.3525	0.2500
WHAT	428.6525	0.3800
THIS	429.0325	0.1800
IS	429.2125	0.1000
MISSING	429.3125	0.3900
ALCOHOL	430.8225	0.6700
UH	432.0625	2.0400
OKAY	434.1025	0.4100
WELL	434.5125	0.2200
THERE'S	434.7325	0.3900
WINE	435.1225	0.3000
IN	435.4225	0.0700
THE	435.4925	0.0700
KITCHEN	435.5625	0.7100
OH	437.2425	0.0300
GREAT	437.4825	1.5000
HELLO	440.8325	1.4100
WHAT	442.5125	0.3200
IS	442.8525	0.1800
MY	443.0325	0.1400
SISTER	443.1725	0.4200
DOING	443.5925	0.3000
THERE	443.8925	0.2600
AND	444.1725	0.2200
WHY	444.3925	0.4100
ARE	444.8025	0.1100
THE	444.9125	0.0900
DRAPES	445.0025	0.7000
SHUT	446.3525	2.9700
OKAY	449.3225	0.2900
RACH	449.6325	0.2700
CALM	449.9025	0.3800
DOWN	450.4225	0.5500
OKAY	450.9725	0.4300
SHE'S	451.4025	0.4500
SHE'S	451.9025	0.3000
REALLY	452.2025	0.3800
UPSET	452.5825	0.3000
WE'RE	452.8825	0.1600
JUST	453.0425	0.4000
TALKING	453.4425	0.5000
I	454.1025	0.4500
THINK	454.5725	0.1400
SHE'S	454.7125	0.2000
TRYING	454.9125	0.3400
TO	455.2525	0.0600
MAKE	455.3125	0.1400
SOMETHING	455.4525	0.3000
HAPPEN	455.7525	0.4400
WITH	456.1925	0.1400
YOU	456.3325	0.1300
TO	456.4625	0.1200
GET	456.5825	0.2000
BACK	456.8325	0.2900
AT	457.3525	0.1200
ME	457.5125	0.3400
OH	458.0525	0.1600
SO	458.2125	0.1600
THAT'S	458.3725	0.2700
THE	458.6425	0.1000
ONLY	458.7425	0.5100
REASON	459.2525	0.5200
SHE	459.7725	0.1700
COULD	459.9425	0.1400
BE	460.0825	0.2700
HERE	460.3525	0.2500
HUH	460.6025	0.3000
IT	461.2325	0.1300
COULDN'T	461.3625	0.2300
HAVE	461.5925	0.1500
ANYTHING	461.7425	0.3100
TO	462.0525	0.0900
DO	462.1425	0.1100
WITH	462.2525	0.1200
THE	462.3725	0.0600
FACT	462.4325	0.3600
THAT	462.7925	0.3000
MAYBE	463.0925	0.4100
I'M	463.5025	0.2800
A	463.7825	0.0300
GOOD	463.8125	0.1900
LISTENER	464.0025	0.5900
AND	464.5925	0.2400
I	464.8325	0.5100
PUT	465.4825	0.3400
ON	465.8225	0.1500
A	465.9725	0.2800
GREAT	466.2525	0.5900
SLIDE	466.8425	0.4300
SHOW	467.2725	0.4000
ROSS	468.0525	2.1600
I	470.5425	0.3400
AM	471.0325	0.3500
TELLING	471.3825	0.5900
YOU	471.9725	0.1900
SHE	472.1625	0.2900
IS	472.4525	0.1900
USING	472.6425	0.5800
YOU	473.2225	0.4100
TO	473.8725	0.2400
GET	474.1125	0.4600
BACK	474.8325	0.3000
AT	475.1325	0.1600
ME	475.2925	0.2000
YOU	475.4925	0.0600
KNOW	475.5525	0.1300
WHAT	475.6825	0.1600
I	475.8425	0.0900
THINK	475.9325	0.2700
I	476.2025	0.2000
CAN	476.4025	0.1300
TAKE	476.5325	0.2500
CARE	476.7825	0.1800
OF	476.9625	0.0700
MYSELF	477.0325	0.8700
I'LL	477.9025	0.5700
TALK	478.4725	0.2000
TO	478.6725	0.0600
YOU	478.7325	0.1900
LATER	478.9225	0.3100
GOOD	479.2625	0.1100
BYE	479.3725	0.2600
WHOA	481.9425	3.0100
UH	485.2225	0.0700
THAT	485.8725	0.4600
WAS	486.3325	0.1400
YOUR	486.4725	0.0900
SISTER	486.5625	0.5200
ACTUALLY	487.3125	0.5100
SHE	487.8225	0.3000
SHE	488.7125	0.1100
THINKS	488.8225	0.2600
YOU'RE	489.0825	0.1200
JUST	489.2025	0.2700
USING	489.6325	0.7500
ME	490.6025	0.2500
SO	491.9225	0.2500
HEY	493.1825	6.1500
HEY	500.0125	0.3100
SO	501.2025	0.3000
I	501.8625	0.1600
JUST	502.0225	0.2600
CAME	502.2825	0.2000
FROM	502.4825	0.2400
THE	502.7225	0.1200
COMPANY	502.8425	0.4300
URSULA	503.2725	0.3500
WORKS	503.6225	0.2700
FOR	503.8925	0.1700
OH	504.5025	0.1800
NO	504.6825	0.3100
NOT	504.9925	0.2400
YOU	505.2325	0.3100
TOO	505.5425	0.6800
NO	506.4025	0.2200
I	506.6225	1.6900
JUST	508.3125	0.2200
WENT	508.5325	0.1500
TO	508.6825	0.1300
PICK	508.8125	0.1700
UP	508.9825	0.1200
PHOEBE	509.1025	0.3200
BUFFAY'S	509.4225	0.5100
CHECKS	509.9325	0.3900
THERE	510.3225	0.1200
WERE	510.4425	0.1100
A	510.5525	0.0300
LOT	510.5825	0.2200
OF	510.8025	0.2100
THEM	511.4325	2.0200
NICE	513.4525	0.4500
MM	513.9025	0.1500
HMM	514.0525	0.1800
AND	514.2325	0.7400
I	514.9725	0.0500
WON'T	515.1125	0.2200
HAVE	515.3325	0.3500
TO	515.7025	0.0800
GO	515.7825	0.1200
BACK	515.9025	0.2300
THERE	516.1825	0.1600
ANYMORE	516.3425	0.4100
BECAUSE	517.2125	0.4700
I	517.6825	0.1200
GAVE	517.8025	0.2600
THEM	518.0625	0.2900
MY	518.3525	0.3100
CORRECT	518.6625	0.4400
ADDRESS	519.1025	0.5300
THAT'S	519.7825	2.5500
GREAT	522.3325	0.2500
BUT	522.5825	0.1500
ISN'T	522.7325	0.1200
IT	523.2325	0.1100
GOING	523.3425	0.1600
TO	523.5025	0.0700
BOTHER	523.5725	0.2900
YOU	523.8625	0.1800
THAT	524.0425	0.1900
PEOPLE	524.3525	0.2600
STILL	524.6125	0.2500
THINK	524.8625	0.1800
YOU'RE	525.0425	0.1200
A	525.1625	0.0300
PORN	525.1925	0.2900
STAR	525.4825	0.3200
OH	526.1025	0.1400
NO	526.2425	0.4100
NO	526.7925	0.2600
I	527.1925	0.3400
KNOW	527.5325	0.1400
HOW	527.6725	0.1200
TO	527.7925	0.1400
HANDLE	527.9325	0.2300
IT	528.1625	0.0600
WELL	528.2225	0.0900
GOOD	528.7625	0.2200
YEAH	529.0925	0.2400
YOU'RE	532.1925	0.1300
TRYING	532.3225	0.2400
TO	532.5625	0.0600
FIGURE	532.6225	0.2300
OUT	532.8525	0.1400
WHERE	532.9925	0.1100
YOU	533.1025	0.1100
KNOW	533.2125	0.1500
ME	533.3625	0.1200
FROM	533.4825	0.3200
I'LL	534.5925	0.2400
GIVE	534.8325	0.1900
YOU	535.0225	0.1300
A	535.1525	0.0800
HINT	535.2325	0.2500
FROM	535.6825	0.2400
PORN	535.9225	0.4600
OKAY	536.6625	0.2100
YEAH	536.8725	1.3200
YOUR	538.1925	0.1200
PERVERT	538.4625	0.4700
BOYFRIEND	538.9325	0.4400
WATCHED	539.7125	0.3300
ME	540.0425	0.1000
IN	540.1425	0.0600
A	540.2325	0.0300
PORNO	540.3825	0.4900
MOVIE	540.8725	0.4900
SEE	541.3625	0.0600
YEAH	541.4225	3.4600
HEY	544.8825	5.3100
YOU	551.0925	2.3600
UH	553.4525	0.3700
YOU	553.8225	0.1600
MAY	553.9825	0.2000
HAVE	554.1825	0.1100
BEEN	554.2925	0.1400
RIGHT	554.4325	0.2100
ABOUT	554.6425	0.3000
JILL	554.9425	0.2300
OH	555.1725	0.1500
I	555.6025	0.0800
KNEW	555.9725	0.5800
IT	556.5525	0.1900
WHAT	556.8825	0.1500
HAPPENED	557.0325	0.4400
UM	557.7525	0.6700
SHE	558.6125	0.3900
KISSED	559.0025	0.3100
ME	559.3125	0.2700
WHAT	560.0125	0.3600
YOU	560.8125	0.1900
KISSED	561.3625	0.5300
MAYBE	562.3225	0.1900
WE	562.5125	0.0900
SHOULD	562.6025	0.1700
GIVE	562.7725	0.1900
THEM	562.9625	0.2400
SOME	563.5025	0.8400
PRIVACY	564.6925	1.7400
SHH	566.6325	0.0300
LOOK	566.8925	0.3300
I	567.2225	0.2800
UH	567.5025	0.2900
I	568.1325	0.1800
TRIED	568.3125	0.6000
NOT	568.9125	0.2700
TO	569.3425	0.1000
KISS	569.4425	0.3300
HER	569.7725	0.2200
OKAY	570.0425	0.3600
IT	570.4025	0.0800
DOESN'T	570.4825	0.2600
SOUND	570.7425	0.3900
LIKE	571.1325	0.3100
IT	571.4425	0.1100
I	571.5525	0.0300
MEAN	571.5825	0.1300
IT'S	571.7125	0.1500
PRETTY	571.8625	0.3100
EASY	572.2225	0.3000
NOT	572.5225	0.2200
TO	572.7825	0.1200
KISS	572.9025	0.1900
SOMEONE	573.0925	0.5300
YOU	573.6225	0.0800
JUST	573.7025	0.2200
DON'T	573.9225	0.4100
KISS	574.3325	0.0900
THEM	574.4725	0.2900
SEE	575.0225	0.2500
LOOK	575.2725	0.1700
AT	575.4425	0.0600
US	575.5425	0.1000
RIGHT	575.6425	0.1800
NOW	575.8225	0.1800
NOT	576.0025	0.3800
KISSING	576.3825	0.3500
LET	576.8625	1.0500
ME	578.2225	0.3000
FINISH	578.5225	0.5500
OKAY	579.1125	0.4100
SHE	579.5225	0.2800
STARTED	579.8025	0.4700
KISSING	580.2725	0.4900
ME	580.7625	0.2300
AND	580.9925	0.6500
I	581.6425	0.4100
DIDN'T	582.6925	0.3900
STOP	583.3625	0.4200
IT	583.7825	0.1800
I	583.9625	0.1200
GUESS	584.0825	0.3100
I	584.3925	0.0800
JUST	584.4725	0.5100
WASN'T	584.9825	0.2800
THINKING	585.2625	0.5800
YEAH	585.8425	0.1800
THAT'S	586.0225	0.3600
RIGHT	586.3825	0.2900
YOU	586.6725	0.0600
WEREN'T	586.7325	0.2400
THINKING	586.9725	0.3600
I'LL	587.3325	0.4000
GIVE	587.7325	0.2000
YOU	587.9325	0.1200
SOMETHING	588.0525	0.3800
TO	588.4325	0.0700
THINK	588.5825	0.1800
ABOUT	588.7625	0.4300
HOLD	589.1925	0.4000
ON	589.5925	0.1600
JUST	589.7825	0.6500
BUT	590.6925	0.1600
THEN	590.8525	0.1800
I	591.0325	0.1400
STARTED	591.1725	0.5000
THINKING	591.6725	0.5100
AND	592.1825	0.5800
I	592.7625	0.2800
STOPPED	593.0425	0.5700
THE	593.6125	0.1500
KISSING	593.7625	0.5700
OH	594.7525	0.5700
WELL	595.3225	0.2200
THANK	595.7025	0.2600
YOU	595.9625	0.1100
FOR	596.0725	0.1600
TAKING	596.2325	0.3200
YOUR	596.5525	0.1100
TONGUE	596.6625	0.2700
OUT	596.9325	0.2300
OF	597.1625	0.0900
MY	597.2525	0.1200
SISTER'S	597.3725	0.3600
MOUTH	597.7325	0.2400
LONG	597.9725	0.3400
ENOUGH	598.3125	0.2000
TO	598.5125	0.0900
TELL	598.6025	0.2300
ME	598.8325	0.1800
THAT	599.5125	2.6900
LOOK	602.5125	0.2100
I	602.7225	0.3000
REALIZED	603.0225	0.7600
THAT	603.7825	0.1200
IF	603.9025	0.1000
ANYTHING	604.0025	0.3900
WERE	604.3925	0.1000
TO	604.4925	0.0600
HAPPEN	604.5525	0.5400
WITH	605.0925	0.1600
ME	605.2525	0.3100
AND	605.5625	0.1600
JILL	605.7225	0.3400
THEN	606.0625	0.1700
NOTHING	606.2325	0.3100
COULD	606.5425	0.2500
EVER	606.7925	0.5000
HAPPEN	607.4125	0.6800
WITH	608.0925	0.2100
US	608.3025	0.4700
WHAT	610.5625	0.1600
NO	611.3425	0.2300
I	611.5725	0.0800
MEAN	611.6525	0.4300
LOOK	612.0825	0.1900
I	612.6625	0.0500
DON'T	612.7125	0.2500
KNOW	612.9625	0.1500
IF	613.1125	0.1300
ANYTHING	613.2425	0.3000
IS	613.5425	0.1000
EVER	613.6425	0.2100
GOING	613.8525	0.5200
TO	614.3725	0.1200
HAPPEN	614.5825	0.6400
WITH	615.2225	0.2000
US	615.4225	0.4800
AGAIN	616.5425	0.6400
EVER	617.2025	0.5100
BUT	619.8025	0.1100
I	619.9125	0.0900
DON'T	620.0025	0.1100
WANT	620.1125	0.1500
TO	620.2625	0.0600
KNOW	620.3225	0.1500
THAT	620.4725	0.1600
IT	620.6325	0.3300
NEVER	620.9625	0.3000
COULD	621.2625	0.4700
SO	623.3025	0.2800
I	623.5825	0.1300
STOPPED	623.7125	0.3700
IT	624.1225	0.2100
AND	624.3325	0.5700
SHE	626.5225	0.1200
GOT	626.6425	0.1900
MAD	626.8325	0.3700
AND	627.2025	0.1200
BROKE	627.3225	0.2700
MY	627.5925	0.1500
PROJECTOR	627.7425	0.6500
WOW	628.7125	2.3400
I	631.0525	0.2200
I	631.2725	0.1000
DON'T	631.3725	3.0300
EVEN	636.4025	0.2200
KNOW	639.5125	0.1500
WHAT	640.0425	0.2200
TO	640.2625	0.6500
SAY	640.9125	0.5800
THANK	648.1025	1.7300
YOU	650.4025	0.3600
YOU'RE	650.7625	0.2400
WELCOME	651.3325	2.0200
MY	653.7725	3.6000
GOD	658.7025	0.7300
ARE	659.6925	0.1200
YOU	659.8125	0.1800
CRYING	659.9925	0.5300
I	660.6225	0.1100
JUST	660.7325	0.3300
DON'T	661.0625	0.3900
SEE	661.4525	0.2300
WHY	661.6825	0.2200
THOSE	661.9025	0.2800
TWO	662.1825	0.1300
CAN'T	662.3125	0.2900
WORK	662.6025	0.1900
THINGS	662.7925	0.3900
OUT	663.1825	3.6600
ALL	669.1525	0.0800
RIGHT	669.4825	0.4100
I'M	670.4225	0.0800
LEAVING	670.5025	0.4500
BECAUSE	671.0725	0.1700
I'M	671.2425	0.0900
NOT	671.3325	0.1100
GOING	671.4425	0.1200
TO	671.5625	0.0600
SPEND	671.6225	0.2600
ONE	671.8825	0.1100
MORE	671.9925	0.1500
DAY	672.1425	0.1800
WITH	672.3225	0.1300
SOMEONE	672.4525	0.2200
WHO'S	672.6725	0.1400
OUT	672.8125	0.0900
TO	672.9025	0.0600
SABOTAGE	672.9625	0.5400
MY	673.5025	0.1100
EVERY	673.6125	0.2700
MOVE	673.8825	0.2000
THAT'S	675.0525	0.2600
YOU	675.3125	0.1700
RACHEL	675.4825	0.3500
YEAH	676.0525	0.8600
I	676.9125	0.7500
GOT	677.6625	0.2100
THAT	677.9325	0.5700
AND	678.5025	0.8500
YOU	679.3525	0.2500
I	679.6025	0.3500
THROW	680.3625	0.4100
MYSELF	680.7725	0.4100
AT	681.1825	0.1200
YOU	681.3025	0.1400
AND	681.4425	0.1100
YOU	681.5525	0.0700
SAY	681.6225	0.2000
NO	681.8225	0.3700
HOW	682.4225	0.1200
GAY	682.5425	0.3400
ARE	682.8825	0.1200
YOU	683.0025	0.3300
YOU	689.0725	0.1900
TAKE	689.2625	0.3000
CARE	689.5625	0.2900
JILL	689.8525	0.3300
OKAY	690.4325	0.2600
I'M	690.6925	1.1300
LEAVING	692.2325	1.0800
DON'T	693.9825	0.2400
WORRY	694.2225	0.2300
ABOUT	694.4525	0.1300
ME	694.6225	0.1000
I'LL	694.7225	0.1000
MAKE	694.8225	0.1800
IT	695.0025	0.0700
ON	695.0725	0.0900
MY	695.1625	0.1900
OWN	695.3525	0.1900
WHO	696.1325	0.0700
KNOWS	696.2025	0.2400
HOW	696.4425	0.1700
I'LL	696.6125	0.0800
GET	696.6925	0.1400
BY	696.8325	0.3500
OR	697.1825	0.2100
EVEN	697.6425	0.1700
IF	697.8125	0.0800
I'LL	697.8925	0.1300
SURVIVE	698.0225	0.6900
JILL	698.7125	0.3300
YOU	699.0425	0.1800
CAN	699.2225	0.6700
STOP	699.8925	0.3200
THAT	700.2125	0.1800
NOW	700.3925	0.1600
I	700.5525	0.1000
KNOW	700.6525	0.1500
YOU	700.8025	0.1100
MADE	700.9125	0.2000
UP	701.1125	0.1100
WITH	701.2225	0.1600
DADDY	701.3825	0.2700
YOU	702.4625	0.1200
DO	702.5825	0.2200
HOW	702.8025	0.1500
OH	702.9525	0.0300
JUST	703.2725	0.5200
A	703.7925	0.1500
WILD	703.9425	0.5800
GUESS	704.5225	0.5400
AND	705.0625	0.6000
YOUR	705.6625	0.0900
LIMO	705.7525	0.3300
JUST	706.0825	0.2800
PULLED	706.3625	0.1900
UP	706.5525	0.1400
WELL	707.0625	0.9000
SORRY	708.5825	0.2000
I	708.7825	0.2100
DIDN'T	708.9925	1.9500
GET	710.9425	4.2000
TO	716.4925	0.6000
KNOW	717.0925	0.2000
YOU	717.2925	0.4600
GUYS	717.7525	0.5700
ANY	718.6625	2.3700
BETTER	721.8025	1.7300
AN	723.6425	2.3100
ABSOLUTE	727.1625	1.2800
SHAME	728.4425	7.6600
OKAY	736.1025	0.0900
SEE	736.1925	0.0600
YOU	736.2525	0.0600
BYE	736.3125	0.0600
BYE	736.3725	0.0600
I	736.4325	0.0300
CAN'T	736.4625	0.1200
BELIEVE	736.5825	0.1500
JILL'S	736.7325	0.2100
GONE	736.9425	0.0900
